position,coordinate,Microhap,Fluidigm,Prince,Hess
11589054,omy28:11589054,omy_greb1_mhap1_71,,scaffold79929e:568978,
11609793,omy28:11609793,omy_greb1_mhap2_71,,scaffold79929e:592595,52458_16:18
11609794,omy28:11609794,omy_greb1_mhap2_72,,scaffold79929e:592596,52458_16:17
11609825,omy28:11609825,omy_greb1_mhap2_103,Omy_RTR018277,scaffold79929e:592627,
11613225,omy28:11613225,,,scaffold79929e:595076,
11613233,omy28:11613233,,,scaffold79929e:595084,
11613335,omy28:11613335,,,scaffold79929e:595186,54772_22:23
11613402,omy28:11613402,,Omy_RT7653,scaffold79929e:595253,
11667682,omy28:11667682,omy_greb1_mhap6_71,,scaffold79929e:649195,
11667773,omy28:11667773,,,scaffold79929e:649286,
11667837,omy28:11667837,,,scaffold79929e:649350,
11667915,omy28:11667915,omy_greb1_mhap8_71,Omy_RTR000200,scaffold79929e:649428,47080_53:54
11667954,omy28:11667954,omy_greb1_mhap8_110,Omy_RT652305,scaffold79929e:649467,
11668031,omy28:11668031,,Omy_RT652382,scaffold79929e:649544,
11678603,omy28:11678603,,Omy_RT663057,,
11678725,omy28:11678725,,Omy_RT663179,,
11803846,omy28:11803846,omy_greb1_mhap10_71,,scaffold79929e:780205,
11803870,omy28:11803870,omy_greb1_mhap10_95,,scaffold79929e:780229,